ReservationID,CustomerID,RestaurantID,NumberOfPeople,Time,Allergies,Notes,PaymentInfo,Status
RSV_00001,CUS_0000631,RES_0000012,8,2023-06-14 01:38:10,Trip more support machine skin time character.,Although act that production now model.,4099891828567747070,Cancelled
RSV_00002,CUS_0000208,RES_0000045,82,2023-10-19 15:23:24,Pick those to husband relationship.,Peace compare mouth would still.,639064439933,Cancelled
RSV_00003,CUS_0000780,RES_0000007,57,2023-01-31 21:49:26,Citizen maintain pretty goal you.,Sell occur eat mouth.,5352981614436396,Cancelled
RSV_00004,CUS_0000259,RES_0000020,45,2023-09-25 15:48:51,Step mean instead specific hour half.,Knowledge war place parent.,3559505552931047,Confirmed
RSV_00005,CUS_0000245,RES_0000042,66,2023-07-13 19:28:11,Science him country.,Guess purpose beyond wide treat which.,3527196816334902,Cancelled
RSV_00006,CUS_0000432,RES_0000030,10,2023-06-29 14:04:48,Large court Mrs performance assume much.,Learn your community him visit though although.,372286849420257,Confirmed
RSV_00007,CUS_0000636,RES_0000027,87,2023-09-17 18:15:30,Phone different community section.,Voice begin partner have.,6011443624698540,Confirmed
RSV_00008,CUS_0000095,RES_0000042,11,2023-05-29 18:20:30,Skill arrive not animal type.,Sing soon ten player thank we.,4363547588418908,Confirmed
RSV_00009,CUS_0000517,RES_0000003,87,2023-03-14 23:28:01,Note star weight relate citizen.,Explain road notice loss tax back.,2233633595883425,Confirmed
RSV_00010,CUS_0000577,RES_0000019,19,2023-11-29 09:13:45,Floor off notice marriage world.,Newspaper or light word nor attack.,560816673183,Confirmed
RSV_00011,CUS_0000106,RES_0000039,19,2023-01-28 09:48:44,Operation room health investment as bar.,Drive sister suffer consumer bring kitchen.,213140031383612,Pending
RSV_00012,CUS_0000646,RES_0000048,64,2023-01-22 13:45:53,Reduce subject film left.,Six trip dinner school.,3579284285014317,Cancelled
RSV_00013,CUS_0000681,RES_0000020,85,2023-11-09 05:59:08,Individual reveal answer catch security rich.,Federal become moment.,676369084022,Confirmed
RSV_00014,CUS_0000544,RES_0000007,65,2023-04-28 17:24:49,Camera artist staff though tonight artist itself.,Ever truth around phone experience coach.,4705135525681254,Confirmed
RSV_00015,CUS_0000128,RES_0000013,10,2023-02-13 07:52:02,Foreign vote according consumer.,Soon form allow.,4850478680030,Pending
RSV_00016,CUS_0000546,RES_0000025,9,2023-08-10 00:06:03,A side difficult then mention.,Blood score could or manager newspaper consider.,3587170069535207,Pending
RSV_00017,CUS_0000370,RES_0000007,37,2023-09-17 09:13:34,Baby how Democrat economic along now morning begin.,Per free city current sing.,3587243513992702,Confirmed
RSV_00018,CUS_0000459,RES_0000016,9,2023-02-20 23:53:25,Population toward break think much everyone member.,Receive for wind provide learn.,676174988474,Confirmed
RSV_00019,CUS_0000046,RES_0000033,91,2023-09-21 21:42:26,Author boy benefit keep.,Color rich question tax just man.,4127528266556302765,Confirmed
RSV_00020,CUS_0000096,RES_0000018,9,2023-06-23 01:56:29,Forget science be probably term.,Cover institution establish might big science.,4675693175983038,Confirmed
RSV_00021,CUS_0000259,RES_0000046,10,2023-04-29 20:04:37,Always teach girl establish.,During miss consumer very certain let.,3549085143271040,Confirmed
RSV_00022,CUS_0000497,RES_0000047,29,2023-01-29 11:22:25,Impact reveal produce care blood difficult walk.,Production drop thought arm less parent.,4699524431172326,Confirmed
RSV_00023,CUS_0000316,RES_0000002,5,2023-08-01 12:05:00,We wait all how reason lot.,Knowledge evening region able property see.,3580812426513438,Confirmed
RSV_00024,CUS_0000123,RES_0000019,12,2023-01-07 16:16:08,Live upon share suddenly year western.,Account impact city house food admit public.,4038467088554968,Pending
RSV_00025,CUS_0000249,RES_0000016,4,2023-08-23 15:05:35,Plan whether close investment.,Wide agreement know bad.,2720084833410656,Confirmed
RSV_00026,CUS_0000038,RES_0000017,79,2023-02-12 05:42:09,Happen far lawyer lay task.,Organization job change me.,3537338373746841,Pending
RSV_00027,CUS_0000769,RES_0000045,15,2023-10-06 09:58:44,Everybody black third seek.,Only spend different measure through like.,30261944671728,Pending
RSV_00028,CUS_0000074,RES_0000017,69,2023-04-15 10:50:36,Eye travel window live week entire themselves discussion.,Personal everyone word simple to.,3547468575949121,Confirmed
RSV_00029,CUS_0000327,RES_0000028,1,2023-05-13 16:21:16,Window hand five available far.,Policy article lay maybe yard put.,4121319115192106,Cancelled
RSV_00030,CUS_0000604,RES_0000028,11,2023-09-26 00:36:26,Pattern ability across debate voice peace when.,Woman great food stuff we business main arm.,501851574456,Confirmed
RSV_00031,CUS_0000385,RES_0000044,83,2023-07-17 12:10:48,Allow top change here.,Realize defense own coach life.,36328749840370,Confirmed
RSV_00032,CUS_0000781,RES_0000044,14,2023-06-18 19:07:27,Necessary war right threat standard.,Need heart source local get generation remember event.,372423032111878,Confirmed
RSV_00033,CUS_0000279,RES_0000007,40,2023-06-04 04:22:56,Specific apply former their entire.,Weight health beat dinner.,4483161881922189,Confirmed
RSV_00034,CUS_0000095,RES_0000013,21,2023-07-29 10:25:42,Same official last join week.,Page believe agency lawyer enter push.,676264918738,Confirmed
RSV_00035,CUS_0000629,RES_0000039,35,2023-10-13 22:53:31,Building drive question bill prepare.,Bit film individual Mrs bill seek scene.,4425406037039862,Confirmed
RSV_00036,CUS_0000345,RES_0000039,54,2023-06-27 14:41:29,Best establish she sit action.,Mission especially south article without nature.,371284877202797,Confirmed
RSV_00037,CUS_0000380,RES_0000044,8,2023-09-25 15:15:59,Partner turn here commercial better plant everyone.,Scene rise field kid list in day sport.,4362674278850223,Confirmed
RSV_00038,CUS_0000563,RES_0000021,14,2023-03-13 16:09:09,Certainly senior card approach drug table.,Themselves report candidate choose energy deal.,4086811643021951711,Cancelled
RSV_00039,CUS_0000227,RES_0000021,93,2023-01-11 21:28:42,Next you ten of never.,Throw image put military several if.,38625895186229,Confirmed
RSV_00040,CUS_0000428,RES_0000030,14,2023-11-06 05:04:32,Down seven also.,Social learn politics factor can director.,372199231742578,Confirmed
RSV_00041,CUS_0000728,RES_0000045,70,2023-03-29 03:45:36,Mission available author mission major.,Safe reflect sound report pattern whether.,36944242340104,Confirmed
RSV_00042,CUS_0000174,RES_0000004,65,2023-04-27 08:56:05,If project effort us.,Western front relationship stuff employee huge young actually.,2230242117811956,Cancelled
RSV_00043,CUS_0000687,RES_0000008,45,2023-05-29 21:22:46,Put use serious national reflect.,Step store build range small lose candidate.,4288113733649042576,Confirmed
RSV_00044,CUS_0000684,RES_0000035,86,2023-03-29 23:46:06,Art gas those staff seat more.,Politics green tree building around.,676399510541,Confirmed
RSV_00045,CUS_0000432,RES_0000003,98,2023-08-19 19:44:04,Consider work difference play since reality.,Such small large.,3529937040351461,Confirmed
RSV_00046,CUS_0000647,RES_0000021,38,2023-03-04 13:54:42,Item hear pay community lawyer with.,Minute do sign.,346970590469083,Confirmed
RSV_00047,CUS_0000727,RES_0000022,47,2023-09-27 17:38:42,Religious democratic provide or responsibility child.,Mother heart cost Democrat.,2290738015906357,Confirmed
RSV_00048,CUS_0000348,RES_0000017,9,2023-08-16 04:37:17,Most job hand debate name.,Hospital agency allow house change.,6597793551792985,Confirmed
RSV_00049,CUS_0000404,RES_0000015,5,2023-06-07 14:58:30,Machine give capital continue like artist partner manager.,Exist house these community.,3587790806674876,Confirmed
RSV_00050,CUS_0000433,RES_0000017,6,2023-10-16 02:25:15,Office fall body challenge site.,Interview camera fly sing television actually southern discussion.,30075697773345,Confirmed
RSV_00051,CUS_0000066,RES_0000028,21,2023-08-21 04:25:06,Social gun door.,Listen little mouth painting administration across.,6538726289796805,Confirmed
RSV_00052,CUS_0000006,RES_0000031,34,2023-08-18 00:34:06,Sound board learn relate.,Decade voice home discuss.,213176886628321,Confirmed
RSV_00053,CUS_0000530,RES_0000003,82,2023-01-09 12:55:56,Leg bank rate able someone picture price.,Education no ground move.,213169226935266,Confirmed
RSV_00054,CUS_0000518,RES_0000007,68,2023-04-22 05:14:58,Although authority you letter buy service.,Heavy suggest ok science push me must.,4765305451619511141,Confirmed
RSV_00055,CUS_0000293,RES_0000049,25,2023-07-20 09:13:23,Receive they especially night total traditional.,Foreign charge ball we.,3547992793248404,Cancelled
RSV_00056,CUS_0000638,RES_0000042,30,2023-10-19 21:12:55,Respond even find growth amount let outside.,Do garden test.,675936642650,Confirmed
RSV_00057,CUS_0000136,RES_0000029,43,2023-02-17 14:50:34,Center maintain for special unit quickly network.,Hair bed particularly here across.,3570831609074242,Confirmed
RSV_00058,CUS_0000220,RES_0000039,32,2023-10-17 04:11:08,Part magazine born shake Republican these.,Follow heavy always project short.,30153024854854,Confirmed
RSV_00059,CUS_0000295,RES_0000022,2,2023-02-11 01:31:11,Successful southern home help former old police anyone.,Court population sound year his certain able.,4235867959761975,Confirmed
RSV_00060,CUS_0000132,RES_0000039,84,2023-07-09 11:10:39,Grow great manager choice bag close bit.,See performance white buy.,4455819507878657136,Pending
RSV_00061,CUS_0000593,RES_0000008,11,2023-05-05 07:11:19,Garden cut serious various force according occur.,Civil TV shake through study hard after.,4404755750853775,Confirmed
RSV_00062,CUS_0000795,RES_0000030,8,2023-09-08 06:30:40,Technology open article artist senior minute only.,Include million piece toward.,503885710312,Confirmed
RSV_00063,CUS_0000407,RES_0000021,88,2023-01-20 21:57:35,Middle enough themselves could during which large.,Yard unit capital enter discover hair.,3597282263738798,Confirmed
RSV_00064,CUS_0000267,RES_0000048,12,2023-07-22 23:33:36,Difference bank send wear feeling.,A such entire three case author cultural shoulder.,4857130380805065040,Confirmed
RSV_00065,CUS_0000401,RES_0000005,16,2023-02-09 11:03:04,Who so decision wear miss scene.,Never reflect serve them too heart.,378090246584028,Confirmed
RSV_00066,CUS_0000501,RES_0000027,5,2023-05-06 03:54:28,Room daughter season memory resource natural adult.,Table add each economy house keep.,4446371358715,Pending
RSV_00067,CUS_0000621,RES_0000003,28,2023-02-20 18:10:25,Yeah very moment like method sort.,Walk small bit picture sometimes.,3506745490564930,Pending
RSV_00068,CUS_0000548,RES_0000001,100,2023-01-08 07:23:17,Hospital together major father physical.,How particularly in film several western send.,4491504101781150,Confirmed
RSV_00069,CUS_0000638,RES_0000034,94,2023-04-24 11:25:56,Heart program town into one public.,Charge college senior together.,3528722512574951,Confirmed
RSV_00070,CUS_0000644,RES_0000038,68,2023-04-16 16:25:24,Before even finally decade.,Moment still detail hold away final loss miss.,060491229906,Confirmed
RSV_00071,CUS_0000747,RES_0000008,12,2023-01-02 16:29:28,Impact break they knowledge.,Thing the case yet newspaper.,4269613649679,Confirmed
RSV_00072,CUS_0000412,RES_0000017,67,2023-10-27 11:16:05,Interesting will radio paper.,North history talk avoid.,349158195577180,Cancelled
RSV_00073,CUS_0000738,RES_0000013,15,2023-01-05 23:01:15,Know wear them expect.,Change cost election above black school pay.,180078419854730,Pending
RSV_00074,CUS_0000265,RES_0000027,3,2023-10-30 07:19:48,Line top either compare purpose.,Reality it wear buy music question.,379584559333352,Confirmed
RSV_00075,CUS_0000222,RES_0000003,100,2023-09-07 06:29:53,Up begin night tax international.,Moment rule actually stay.,4180325269103003,Confirmed
RSV_00076,CUS_0000754,RES_0000026,7,2023-09-13 17:29:34,Check prepare meeting western suffer.,Building do pressure identify this hundred.,4715611371493018,Confirmed
RSV_00077,CUS_0000296,RES_0000028,3,2023-03-28 03:29:20,Charge whether cover career throughout raise.,Participant cover politics however whose order rate.,4727709021743596,Confirmed
RSV_00078,CUS_0000365,RES_0000026,2,2023-10-28 00:56:00,Single either science allow.,Compare every million responsibility movie material central benefit.,30017127365946,Cancelled
RSV_00079,CUS_0000438,RES_0000043,6,2023-09-02 00:10:23,Structure up interview simple from.,Today practice would reason would never case.,4762613009751906000,Confirmed
RSV_00080,CUS_0000178,RES_0000041,41,2023-10-10 02:15:21,Direction executive score wall rate watch current.,Old rise president tree public.,6011259018917258,Cancelled
RSV_00081,CUS_0000774,RES_0000044,86,2023-06-02 02:42:40,Pressure feel including over room none.,Grow range skin.,345428068383089,Pending
RSV_00082,CUS_0000104,RES_0000035,37,2023-11-03 17:13:28,Field remain out.,Good sure finally that.,676117994910,Cancelled
RSV_00083,CUS_0000634,RES_0000019,14,2023-09-10 22:05:24,Bit field challenge morning moment.,Throughout bar cell take piece and.,4067367060994425359,Confirmed
RSV_00084,CUS_0000506,RES_0000002,87,2023-10-28 02:17:48,Idea by gas home beautiful.,West yeah great live.,6579413671912890,Confirmed
RSV_00085,CUS_0000111,RES_0000006,14,2023-09-09 15:25:39,Easy get citizen wait land.,Create window star recognize lose word eat.,4453080097546812484,Cancelled
RSV_00086,CUS_0000435,RES_0000010,93,2023-08-07 10:11:03,According film truth write either attack PM require.,To establish argue civil.,6011711226050231,Confirmed
RSV_00087,CUS_0000544,RES_0000033,79,2023-09-05 13:50:04,Place kid anyone instead.,Senior ten form after surface report when.,4319633116379245,Confirmed
RSV_00088,CUS_0000497,RES_0000041,10,2023-05-05 00:35:07,Send prove glass pretty team bill.,For woman not fund sister accept military.,6502031045404071,Cancelled
RSV_00089,CUS_0000142,RES_0000035,22,2023-10-21 12:03:45,Red look nothing art customer.,Beautiful left special.,371010756283636,Confirmed
RSV_00090,CUS_0000501,RES_0000022,4,2023-10-20 08:07:22,There so thing.,In beat budget give follow move PM.,6011539384231230,Confirmed
RSV_00091,CUS_0000231,RES_0000012,9,2023-07-11 14:37:46,Yard focus daughter available city region.,Sell cause every author story fine.,30092753847814,Confirmed
RSV_00092,CUS_0000599,RES_0000008,4,2023-10-06 19:02:28,Person or yes level.,Reach or eat standard.,4186623517910213910,Cancelled
RSV_00093,CUS_0000111,RES_0000029,19,2023-06-03 18:17:29,Security use series safe involve especially health.,Out on than despite.,6011736786486996,Confirmed
RSV_00094,CUS_0000334,RES_0000006,3,2023-05-06 09:39:20,Point different appear role system box.,Thus enough listen accept environmental its.,347056137656330,Confirmed
RSV_00095,CUS_0000674,RES_0000032,32,2023-02-09 03:20:09,Save rule Democrat then feel must evening.,May foreign author behind.,30575322385514,Pending
RSV_00096,CUS_0000161,RES_0000046,1,2023-03-17 22:54:12,Parent Democrat seven student investment.,Memory happen goal hold action music must alone.,30421309740571,Confirmed
RSV_00097,CUS_0000182,RES_0000046,5,2023-01-11 12:40:46,Well trade decade lay arm administration western.,Become various model at particularly play.,180034008676059,Confirmed
RSV_00098,CUS_0000490,RES_0000026,7,2023-06-29 19:08:58,Capital herself rock your.,Who list whatever today stay establish.,4283562062842066,Confirmed
RSV_00099,CUS_0000615,RES_0000019,42,2023-04-30 08:37:28,Trade last data thing wish including machine.,Trip attack green per give.,3521822880416590,Confirmed
RSV_00100,CUS_0000605,RES_0000046,61,2023-09-11 17:06:37,Process behind floor skill well education most lay.,Surface report push man remember.,676109192523,Confirmed
RSV_00101,CUS_0000406,RES_0000014,58,2023-06-25 23:08:49,Kitchen chair radio involve kid risk have.,More seat call important.,4207809197772,Pending
RSV_00102,CUS_0000287,RES_0000021,18,2023-06-16 01:40:40,Short he arrive give per performance high last.,Possible away today care six wait.,4915133466261307,Pending
RSV_00103,CUS_0000049,RES_0000035,31,2023-08-30 17:37:42,Detail behavior what trip quickly.,Fall here leg account sport poor.,349127872422887,Pending
RSV_00104,CUS_0000149,RES_0000048,35,2023-04-08 07:53:16,Appear kid artist country need five understand.,Look tough together including.,3589882083877377,Confirmed
RSV_00105,CUS_0000751,RES_0000038,14,2023-07-19 17:18:49,We I far there commercial relate trip.,Trade side on class do rich manage executive.,4243730878446,Pending
RSV_00106,CUS_0000792,RES_0000024,22,2023-05-02 17:03:18,Five development evidence number material ok just.,Five page class.,4413775354172520,Cancelled
RSV_00107,CUS_0000796,RES_0000043,55,2023-10-27 17:18:46,Me nor likely.,International call Mr adult pull there.,4373802533512422,Confirmed
RSV_00108,CUS_0000357,RES_0000010,1,2023-05-09 01:27:17,Option product usually or.,Far find suggest.,3533373202250339,Confirmed
RSV_00109,CUS_0000290,RES_0000038,5,2023-11-01 10:38:17,From start daughter right.,Say figure rule bed.,3579691000023383,Confirmed
RSV_00110,CUS_0000147,RES_0000044,38,2023-10-09 14:44:43,Discover institution laugh bed here table staff.,Conference miss impact blood parent skin economy operation.,341750598247326,Confirmed
RSV_00111,CUS_0000613,RES_0000032,14,2023-06-17 18:19:48,Mother I anything thousand among necessary play.,Certain never stop various.,5218553061221599,Confirmed
RSV_00112,CUS_0000477,RES_0000009,41,2023-08-23 17:01:29,Cell per follow support.,Evening face certainly you miss.,3502517896988409,Confirmed
RSV_00113,CUS_0000738,RES_0000030,11,2023-09-08 23:44:57,Require eight structure professor wall.,Suffer born finish practice heavy stuff.,180017507619464,Confirmed
RSV_00114,CUS_0000466,RES_0000037,53,2023-09-19 14:05:30,Difficult partner mission other attention commercial.,Today business federal its choice worry rate.,3547738527314057,Confirmed
RSV_00115,CUS_0000166,RES_0000041,6,2023-10-11 22:39:04,Way thought experience mother quickly good two future.,Election key yourself beat watch pull draw.,6011779475861293,Confirmed
RSV_00116,CUS_0000469,RES_0000030,5,2023-08-09 09:02:45,Out agent sign weight new effect.,Speak him nothing front between.,349930801326495,Confirmed
RSV_00117,CUS_0000598,RES_0000043,97,2023-11-15 02:27:29,Old enter leave above.,Third computer court.,6011435695942088,Cancelled
RSV_00118,CUS_0000622,RES_0000015,11,2023-08-15 21:02:03,Involve anything determine say.,Increase home similar throughout cold.,2711483972806982,Cancelled
RSV_00119,CUS_0000315,RES_0000024,8,2023-07-14 09:49:35,Nor shoulder easy under.,Lead sea every easy natural.,6011922483042247,Cancelled
RSV_00120,CUS_0000699,RES_0000038,15,2023-09-25 11:07:00,Store kitchen natural manager film vote house.,Nor financial star offer.,4769185748667435,Confirmed
RSV_00121,CUS_0000516,RES_0000015,11,2023-11-30 03:34:20,Professional our order local claim dinner third.,Even how sit realize serious budget.,30268155636449,Confirmed
RSV_00122,CUS_0000460,RES_0000040,64,2023-06-28 12:13:26,Be actually event may.,They agree world executive move.,38407015616934,Confirmed
RSV_00123,CUS_0000301,RES_0000042,27,2023-09-02 06:42:58,Another even necessary card.,Think shoulder floor room help.,502054221010,Confirmed
RSV_00124,CUS_0000483,RES_0000008,17,2023-06-25 12:41:28,Hit give beyond term idea artist.,Appear policy responsibility.,213144866940496,Cancelled
RSV_00125,CUS_0000507,RES_0000015,5,2023-01-07 22:02:14,Modern get voice ability spend.,Such risk others bring above seek late.,347833116388550,Confirmed
RSV_00126,CUS_0000464,RES_0000010,7,2023-07-12 01:09:10,Throw business cause author pull conference.,Them develop item exactly still team dream right.,4581613213995,Cancelled
RSV_00127,CUS_0000051,RES_0000041,58,2023-05-28 13:01:23,Near lawyer issue price southern.,Positive pretty weight hair interview.,4996570330590894,Confirmed
RSV_00128,CUS_0000782,RES_0000023,13,2023-08-20 13:13:22,Wear message car by trial entire.,Such on public around give.,4605242279527070866,Confirmed
RSV_00129,CUS_0000233,RES_0000011,62,2023-10-29 16:06:56,Open machine hour executive nice exist.,Growth soldier man along current.,4643377782881665,Confirmed
RSV_00130,CUS_0000682,RES_0000031,10,2023-03-05 00:10:33,Color political question ago generation discuss late.,Although low go actually argue.,348206706118456,Confirmed
RSV_00131,CUS_0000326,RES_0000015,1,2023-09-20 21:41:15,Table close doctor six serious.,Indicate spend key them remember north dream hundred.,4321788262489,Confirmed
RSV_00132,CUS_0000704,RES_0000034,6,2023-01-23 20:57:00,Other picture mention air yeah stock none.,Should writer remain firm behind what.,4679764137352186,Confirmed
RSV_00133,CUS_0000046,RES_0000018,100,2023-03-16 07:18:53,Current Congress seem say term city.,Old prevent dark college environment.,376467529278233,Confirmed
RSV_00134,CUS_0000172,RES_0000013,83,2023-08-14 13:59:09,Among everyone yet care imagine feel.,Training question person image property his attention.,3547871764056378,Cancelled
RSV_00135,CUS_0000504,RES_0000004,7,2023-04-25 06:59:18,Ability forget race almost suggest movement argue.,Wish actually five sport.,4705830539511006,Confirmed
RSV_00136,CUS_0000428,RES_0000046,9,2023-03-12 14:34:45,Fact beyond exactly thing section who realize last.,Whether say huge country manager.,4882533099921913,Confirmed
RSV_00137,CUS_0000402,RES_0000005,73,2023-06-21 16:33:09,Rest their start benefit attention consider president federal.,Rather far case scene draw less.,213189300022435,Cancelled
RSV_00138,CUS_0000102,RES_0000034,18,2023-05-03 07:55:45,Loss time owner argue single travel.,Sound leader maybe knowledge health among material.,4043916461193,Confirmed
RSV_00139,CUS_0000730,RES_0000042,97,2023-06-25 10:31:38,Contain movie lawyer have.,Commercial create paper source onto.,3553129797727197,Confirmed
RSV_00140,CUS_0000762,RES_0000036,100,2023-08-10 21:45:44,Mother put player pretty there.,Always nature in even investment realize high happen.,060456101835,Confirmed
RSV_00141,CUS_0000739,RES_0000003,9,2023-02-02 08:37:06,Social property accept market as billion say concern.,Office score beautiful action such shoulder page.,213136833975803,Confirmed
RSV_00142,CUS_0000711,RES_0000018,4,2023-05-28 06:12:06,Land pick even expect above.,Nearly meeting eight director term off big admit.,213141863737222,Confirmed
RSV_00143,CUS_0000637,RES_0000038,6,2023-05-27 16:30:29,Radio look major structure specific foreign man.,Right realize but brother.,3519014739215704,Confirmed
RSV_00144,CUS_0000343,RES_0000006,96,2023-01-27 00:51:53,Challenge most four city individual.,Program difference that although carry.,30217658111632,Cancelled
RSV_00145,CUS_0000492,RES_0000008,8,2023-01-05 09:51:37,Fight city of face try.,Minute order central bit available room past.,4764472387956880,Cancelled
RSV_00146,CUS_0000664,RES_0000014,12,2023-03-27 23:55:30,Father water college line collection return.,Seven democratic red sell including support.,4441215622903223075,Confirmed
RSV_00147,CUS_0000107,RES_0000045,15,2023-08-05 00:35:33,Admit trial professor truth serve season work.,Scene whose leg cold simply very.,4264206363883642,Cancelled
RSV_00148,CUS_0000610,RES_0000023,3,2023-08-17 05:58:01,Try into begin relationship me young.,Develop stage might teach action remain.,3568907833517679,Pending
RSV_00149,CUS_0000250,RES_0000044,54,2023-04-15 18:44:14,Including cultural thought drive choice admit good.,Conference bag attorney writer change north.,379838762563787,Cancelled
RSV_00150,CUS_0000107,RES_0000022,79,2023-06-25 07:15:17,Soldier cost material.,Pretty plan them item.,4754195280587682,Confirmed
RSV_00151,CUS_0000032,RES_0000021,85,2023-05-16 02:16:24,Place know late plant interesting.,Situation later will.,6011266789599462,Confirmed
RSV_00152,CUS_0000118,RES_0000006,94,2023-07-27 13:04:10,Different western high.,Cell certain environment win sport leave approach.,341383635701814,Pending
RSV_00153,CUS_0000211,RES_0000046,4,2023-06-09 15:36:58,Job admit across history.,Hand community money art relate threat.,6591577755737078,Confirmed
RSV_00154,CUS_0000672,RES_0000004,52,2023-02-17 07:47:37,Throughout rise section between soon citizen.,Me against indeed both actually.,4801032969541446,Confirmed
RSV_00155,CUS_0000341,RES_0000022,9,2023-06-01 12:48:40,Receive something peace course character.,Would follow hear wife.,4513724297969732,Confirmed
RSV_00156,CUS_0000067,RES_0000029,14,2023-03-03 13:24:50,Rate stuff subject report son.,Skin eight consider bit everything concern.,3514322324451476,Confirmed
RSV_00157,CUS_0000678,RES_0000042,64,2023-05-10 15:59:31,Game suffer dinner wife many none.,Garden morning federal sort.,2711571755526627,Cancelled
RSV_00158,CUS_0000159,RES_0000012,6,2023-02-16 05:14:36,Rich detail father visit expert road.,Career herself yard exist.,342861441907898,Confirmed
RSV_00159,CUS_0000576,RES_0000011,53,2023-10-04 04:58:54,Statement very strong skill head.,Smile number like organization executive put may.,4414296823066028,Confirmed
RSV_00160,CUS_0000419,RES_0000042,13,2023-08-15 05:58:21,Laugh discussion challenge drop rich.,Enough suffer especially east lawyer.,180099662430580,Confirmed
RSV_00161,CUS_0000215,RES_0000042,4,2023-05-07 06:13:04,Top every five cost artist opportunity force.,Yourself minute east deal deep heavy.,375273118195643,Confirmed
RSV_00162,CUS_0000699,RES_0000038,21,2023-03-21 12:49:22,Here off everything responsibility tend when physical world.,Because loss other drive theory style.,377618993583511,Confirmed
RSV_00163,CUS_0000555,RES_0000015,4,2023-03-04 07:38:58,Of without bag.,Cell news education stop.,376814663632255,Confirmed
RSV_00164,CUS_0000611,RES_0000009,9,2023-10-20 10:05:11,News room necessary read must bag.,Outside computer despite job media represent interest.,4928632070296,Cancelled
RSV_00165,CUS_0000362,RES_0000033,73,2023-06-10 10:55:14,Sign us part admit door write science customer.,Good carry soldier president serve suggest.,213137787992083,Confirmed
RSV_00166,CUS_0000251,RES_0000006,8,2023-06-13 08:54:24,Compare consumer those answer agreement federal trial.,Administration campaign person.,4650563440167452,Cancelled
RSV_00167,CUS_0000058,RES_0000010,29,2023-02-17 17:09:52,Change realize great down former.,Show baby of section.,213158321456492,Confirmed
RSV_00168,CUS_0000149,RES_0000003,27,2023-02-22 08:05:35,Laugh keep pay stuff instead product strong.,Commercial woman foreign pay vote risk.,4664041542782340,Confirmed
RSV_00169,CUS_0000206,RES_0000001,55,2023-04-25 12:38:34,Sing care movie owner brother.,Often human something six trial appear.,6586783648559631,Confirmed
RSV_00170,CUS_0000109,RES_0000004,7,2023-07-26 21:07:46,Major or similar speech charge raise.,Score start other.,371135195159632,Confirmed
RSV_00171,CUS_0000213,RES_0000025,59,2023-05-03 19:45:35,Myself voice cover scientist travel.,Change allow entire would along line style.,4632588077253054,Confirmed
RSV_00172,CUS_0000284,RES_0000032,6,2023-04-21 05:00:26,Method half rule base prevent.,Garden system case case church approach join that.,30188190867413,Confirmed
RSV_00173,CUS_0000631,RES_0000030,71,2023-03-10 00:14:36,Else space nearly least protect expect.,Talk exactly safe heart own.,3566592034269353,Confirmed
RSV_00174,CUS_0000357,RES_0000025,58,2023-11-08 01:38:14,Floor them religious age assume.,Campaign force huge test where follow.,373915035793627,Cancelled
RSV_00175,CUS_0000729,RES_0000021,64,2023-03-10 22:32:16,Run something stage moment statement.,Enter investment close network now simply.,2222073172233426,Pending
RSV_00176,CUS_0000134,RES_0000039,40,2023-11-06 02:37:47,Teacher very trial.,Everyone when and huge personal store issue itself.,6568126361192275,Confirmed
RSV_00177,CUS_0000696,RES_0000007,40,2023-06-17 22:24:10,Property management science individual.,On message near.,4039607366028164,Confirmed
RSV_00178,CUS_0000313,RES_0000045,11,2023-09-24 10:04:46,Personal certainly success name.,Project computer black poor audience call trial.,4256665658294,Confirmed
RSV_00179,CUS_0000546,RES_0000039,3,2023-09-09 11:02:01,Part send agency score maintain lawyer teacher.,Spend move machine manager.,2232606308706951,Confirmed
RSV_00180,CUS_0000012,RES_0000003,88,2023-06-14 13:33:35,Until majority read price bit from of.,Either box research after right.,30239228597918,Confirmed
RSV_00181,CUS_0000047,RES_0000007,3,2023-01-04 16:27:22,Main while become cell end add.,They simple officer of investment either girl.,4940366380519301052,Confirmed
RSV_00182,CUS_0000087,RES_0000004,1,2023-07-27 16:18:02,Interesting consider cut cost record ground if.,Economy age production around create north.,4547940332088686098,Confirmed
RSV_00183,CUS_0000094,RES_0000034,99,2023-01-19 17:38:43,Raise kind whether.,Week person on trip religious become hold.,30562499876020,Confirmed
RSV_00184,CUS_0000287,RES_0000047,8,2023-11-25 08:09:21,Cover may night film woman but conference.,First fund anyone.,3508611187799346,Confirmed
RSV_00185,CUS_0000708,RES_0000016,98,2023-03-26 05:08:02,Price technology information start college.,Watch mind return light rate.,4952389647421905,Confirmed
RSV_00186,CUS_0000036,RES_0000008,54,2023-05-31 23:18:41,Cold much value medical cost by debate office.,Star poor according.,4972113187179486324,Cancelled
RSV_00187,CUS_0000081,RES_0000049,88,2023-11-03 07:06:40,Same senior best fear appear fund specific.,Simple resource move by measure far pull.,30082968400848,Confirmed
RSV_00188,CUS_0000452,RES_0000014,3,2023-11-03 23:24:55,For owner yes watch Mr at kid.,Science professor important edge Mr.,6546026741919354,Confirmed
RSV_00189,CUS_0000781,RES_0000039,96,2023-02-26 16:30:05,Responsibility management ball boy.,Design about clearly adult.,376323584242152,Cancelled
RSV_00190,CUS_0000142,RES_0000048,38,2023-04-17 08:12:47,Claim but drive cultural red challenge home year.,Ahead size read dark.,4874416760405137,Confirmed
RSV_00191,CUS_0000739,RES_0000002,79,2023-07-23 22:43:40,Important able dog social.,Compare Republican effect information country happy school.,3503010829273395,Pending
RSV_00192,CUS_0000544,RES_0000033,5,2023-05-19 13:19:51,Ask what pretty this.,Shake house president go evening argue.,3531929522786716,Cancelled
RSV_00193,CUS_0000302,RES_0000029,7,2023-02-04 22:36:18,Natural yeah allow month.,Draw bar well.,376361397504251,Confirmed
RSV_00194,CUS_0000423,RES_0000039,32,2023-02-08 02:45:05,Your turn bad nearly short raise able.,Social message good particularly design still.,2720082545614789,Pending
RSV_00195,CUS_0000324,RES_0000033,75,2023-03-02 02:39:24,Choice make can responsibility here.,Response hair production church.,2238714976615324,Cancelled
RSV_00196,CUS_0000232,RES_0000009,15,2023-08-27 22:19:23,Message new deep example hand buy.,Authority case especially century add describe without.,4834822787226092,Confirmed
RSV_00197,CUS_0000756,RES_0000035,1,2023-02-18 01:23:04,Speak perform note court.,Already this door probably give before.,6011140289742809,Confirmed
RSV_00198,CUS_0000286,RES_0000027,54,2023-07-11 02:34:28,Computer year member.,Finally like thing.,4898921715885780,Confirmed
RSV_00199,CUS_0000167,RES_0000016,71,2023-09-25 22:38:29,Expert keep southern stock.,Serious her shake our any.,4551257949427059,Confirmed
RSV_00200,CUS_0000260,RES_0000031,72,2023-06-09 03:11:33,Then dinner simply son.,Course ok rich true consumer everybody student ground.,4250268555015,Pending
RSV_00201,CUS_0000386,RES_0000028,13,2023-02-17 07:06:04,Paper newspaper scene term thing.,Teach or blood shake senior big.,3581561985829060,Confirmed
RSV_00202,CUS_0000481,RES_0000048,95,2023-09-13 04:54:43,Strong allow analysis reality free score.,Could side perhaps according particularly occur.,4022894340818188,Confirmed
RSV_00203,CUS_0000492,RES_0000003,8,2023-09-30 05:23:53,Election move loss sense player collection close recent.,Top resource somebody according help property specific.,213194159057383,Confirmed
RSV_00204,CUS_0000383,RES_0000002,2,2023-05-25 16:49:59,Matter us scientist charge phone condition.,Now administration nor hope back.,3572359668501929,Confirmed
RSV_00205,CUS_0000448,RES_0000001,13,2023-02-07 10:53:58,Loss avoid agreement also remain never.,Program feel commercial nothing here.,4071185947790374686,Confirmed
RSV_00206,CUS_0000596,RES_0000047,12,2023-01-13 21:26:17,Where to church improve own class year dog.,Form attorney director cost.,4766444403333,Confirmed
RSV_00207,CUS_0000469,RES_0000025,78,2023-01-20 13:37:38,Sell simply arm behavior.,Huge commercial evening quickly people occur bring.,6507086052569716,Confirmed
RSV_00208,CUS_0000748,RES_0000023,22,2023-06-30 05:46:54,Beyond tough glass add.,Not back green base green.,4179440270756070,Confirmed
RSV_00209,CUS_0000784,RES_0000012,10,2023-02-04 13:58:23,Congress in practice something meet address successful.,Protect public real exactly your treatment right.,502023051993,Confirmed
RSV_00210,CUS_0000691,RES_0000046,13,2023-11-10 22:29:27,Hear same picture half strategy his.,Thing radio huge hot space relate.,180089698360448,Confirmed
RSV_00211,CUS_0000274,RES_0000028,27,2023-06-17 14:32:48,Produce growth whose himself land.,Value less those final.,375028517260145,Confirmed
RSV_00212,CUS_0000150,RES_0000018,68,2023-01-19 21:51:22,Community day visit.,State better purpose this beautiful.,3567098117828874,Confirmed
RSV_00213,CUS_0000659,RES_0000045,8,2023-02-01 04:24:34,Likely heart reduce describe.,Identify conference bad Mr not.,4414469275331675,Confirmed
RSV_00214,CUS_0000398,RES_0000029,10,2023-03-12 20:22:28,Not little to even free community successful soon.,Continue kind expect value create newspaper style.,4597405038480598,Cancelled
RSV_00215,CUS_0000694,RES_0000003,47,2023-10-19 18:16:59,Study father lead reality pull.,End foot interesting child air.,4982052204844,Cancelled
RSV_00216,CUS_0000548,RES_0000021,77,2023-08-30 03:13:51,Myself she person.,Character south why.,3586239927327510,Confirmed
RSV_00217,CUS_0000278,RES_0000046,89,2023-10-14 09:56:48,Challenge plant natural cover investment.,Its campaign various ground music.,30316534441427,Confirmed
RSV_00218,CUS_0000260,RES_0000019,24,2023-01-15 03:05:31,System left study section.,Pass figure against quickly.,4878920220023089,Pending
RSV_00219,CUS_0000788,RES_0000034,8,2023-11-09 18:50:42,Rich name by response sit.,Child child allow someone myself.,3547536515464672,Cancelled
RSV_00220,CUS_0000499,RES_0000030,91,2023-10-06 09:25:28,Rock television lead tax.,Cost sit my study fund pay third investment.,4441569911000050,Cancelled
RSV_00221,CUS_0000011,RES_0000021,54,2023-05-27 05:15:25,Education speak so low.,Check discuss teach act teach message peace.,2538305081559718,Confirmed
RSV_00222,CUS_0000382,RES_0000016,2,2023-09-30 17:09:13,Could individual common strong ask.,Machine economic use some.,4657242321433282,Confirmed
RSV_00223,CUS_0000542,RES_0000015,15,2023-05-23 11:22:10,Bring summer beyond live write citizen.,Star mean size form value face Mr choice.,4935880450301640,Confirmed
RSV_00224,CUS_0000112,RES_0000015,4,2023-08-18 02:34:32,Brother situation top gun that peace behind house.,Hand arm reach wrong.,4525551277314,Confirmed
RSV_00225,CUS_0000714,RES_0000003,82,2023-03-19 00:58:06,Life alone choice dark individual less.,Power board media.,501846770383,Cancelled
RSV_00226,CUS_0000297,RES_0000016,46,2023-06-20 12:47:27,Campaign garden what between.,My positive group notice kitchen purpose.,4007014838612956,Confirmed
RSV_00227,CUS_0000742,RES_0000041,4,2023-08-29 22:00:53,Argue many consumer local position.,Movie benefit message.,36058953434871,Cancelled
RSV_00228,CUS_0000472,RES_0000021,15,2023-01-09 12:52:01,Religious support sound interview mother fear.,Direction research big cover month investment magazine teach.,6011813139938450,Cancelled
RSV_00229,CUS_0000478,RES_0000023,71,2023-06-16 19:57:44,Particularly collection budget high according glass.,Past board yard.,180079547075271,Cancelled
RSV_00230,CUS_0000511,RES_0000037,50,2023-06-25 18:30:52,Kid sound deep ground police Democrat sense.,Treatment power dream dinner future magazine southern.,376888963442474,Confirmed
RSV_00231,CUS_0000015,RES_0000020,64,2023-11-21 01:01:00,Century perhaps top more respond effort after.,Bill finally mind agent.,501812465745,Confirmed
RSV_00232,CUS_0000237,RES_0000036,12,2023-07-31 17:35:15,Indicate wall without able alone model weight.,Within account very turn out.,180040767764879,Confirmed
RSV_00233,CUS_0000344,RES_0000027,38,2023-04-13 09:29:37,Carry too bad Mr science since.,Grow consider ever support.,5524177231042773,Pending
RSV_00234,CUS_0000480,RES_0000012,82,2023-09-26 17:07:41,Easy why good and available process anything.,Arm tough see.,180047555407512,Confirmed
RSV_00235,CUS_0000189,RES_0000008,7,2023-05-04 16:13:50,Personal quite treat should really TV article mind.,New behavior food take.,4838701506335085,Pending
RSV_00236,CUS_0000133,RES_0000049,15,2023-08-26 15:57:18,Manager any discover sport pick threat resource.,Bad bill manager price particularly.,4027020651880,Cancelled
RSV_00237,CUS_0000372,RES_0000008,97,2023-03-30 07:31:20,Consider standard account issue.,Five guy truth rule garden choose building.,2252699433140423,Confirmed
RSV_00238,CUS_0000487,RES_0000037,76,2023-09-09 19:01:25,Fine exactly probably modern seek difficult.,Gas model today build also deep authority civil.,630468513019,Cancelled
RSV_00239,CUS_0000430,RES_0000018,89,2023-06-03 02:07:59,Social seek idea.,Father firm face structure side.,4978676602199,Confirmed
RSV_00240,CUS_0000419,RES_0000025,30,2023-08-06 05:05:35,Increase guess wife central civil from.,Baby their community small degree challenge billion.,501891692771,Confirmed
RSV_00241,CUS_0000063,RES_0000027,77,2023-04-27 13:46:21,Right know put tell condition you wish.,Land away art.,4612113258621815,Confirmed
RSV_00242,CUS_0000280,RES_0000030,3,2023-02-01 15:15:55,Sit nation there read.,See run state reduce modern.,6526373671086273,Confirmed
RSV_00243,CUS_0000527,RES_0000036,7,2023-01-02 14:49:22,Focus themselves local national.,Scene imagine education traditional article look.,2255139636339982,Confirmed
RSV_00244,CUS_0000385,RES_0000036,78,2023-10-12 23:15:19,Country probably space pull put him maintain than.,Build live opportunity safe magazine argue.,4860077469410665,Pending
RSV_00245,CUS_0000359,RES_0000005,64,2023-05-11 01:40:50,True institution write time.,Event list true painting happy young.,3599834123819727,Confirmed
RSV_00246,CUS_0000761,RES_0000020,12,2023-01-27 20:55:41,Response itself recent campaign standard traditional share.,Choice program provide either table.,4391883346664101977,Confirmed
RSV_00247,CUS_0000141,RES_0000040,35,2023-04-09 05:11:10,Yet describe raise myself much process statement.,Her support there.,213129624787743,Confirmed
RSV_00248,CUS_0000220,RES_0000001,98,2023-05-01 03:53:33,Machine growth major join.,Thank ground you energy play lot.,30316935698849,Pending
RSV_00249,CUS_0000066,RES_0000036,45,2023-05-20 12:22:47,Low main not sound economy.,Young nice often draw service wear.,6540253542212336,Confirmed
RSV_00250,CUS_0000178,RES_0000049,40,2023-06-26 16:09:30,Watch manager create evening city discussion water Democrat.,Each edge trial PM.,2281253375514867,Confirmed
RSV_00251,CUS_0000662,RES_0000031,77,2023-11-19 19:53:19,Give difference election.,Dog I charge word white again.,4976506809406,Confirmed
RSV_00252,CUS_0000075,RES_0000023,13,2023-05-05 02:45:11,Option best boy rest gun.,Level occur watch if arm voice Democrat.,3547937916833046,Cancelled
RSV_00253,CUS_0000747,RES_0000007,2,2023-11-19 23:45:10,Far particular prove suddenly why bed.,Certain exist heavy character adult.,4438139890550,Pending
RSV_00254,CUS_0000475,RES_0000029,74,2023-03-04 03:14:59,Exist word friend rate.,Money owner region military.,30477075469571,Confirmed
RSV_00255,CUS_0000185,RES_0000007,12,2023-05-31 12:45:12,Benefit help reason look.,White PM life agree rise identify.,4115137393056,Confirmed
RSV_00256,CUS_0000563,RES_0000021,25,2023-05-30 14:35:46,News which meet pay out.,Week site beat south talk girl beat month.,4471916786182211,Confirmed
RSV_00257,CUS_0000190,RES_0000025,41,2023-06-15 13:02:29,Buy seem light mention.,Whatever to bring attention.,4982092184394,Confirmed
RSV_00258,CUS_0000743,RES_0000005,3,2023-01-13 03:58:21,Above military choose health hope popular.,Check return population relationship fall drop yes.,3533116617928266,Cancelled
RSV_00259,CUS_0000632,RES_0000010,56,2023-01-27 18:10:14,Loss central explain.,Behavior color analysis statement.,4295516106453211,Cancelled
RSV_00260,CUS_0000103,RES_0000041,69,2023-09-03 06:54:44,Director doctor institution tell move.,Natural help officer international.,4160937442422,Cancelled
RSV_00261,CUS_0000326,RES_0000036,71,2023-09-12 22:48:56,Difference opportunity feeling west again.,Knowledge campaign customer.,3592016282138423,Cancelled
RSV_00262,CUS_0000196,RES_0000047,86,2023-01-31 09:28:35,Difficult method night talk especially instead.,Too general there point bad.,4605155092520785,Confirmed
RSV_00263,CUS_0000133,RES_0000024,6,2023-05-31 13:42:38,Light pressure day truth.,High player include democratic fast.,4506673537798881,Cancelled
RSV_00264,CUS_0000547,RES_0000002,2,2023-01-16 08:53:45,Ready cultural effort foot story between home.,Nor dog help brother center far on always.,4480413456011994,Pending
RSV_00265,CUS_0000218,RES_0000001,1,2023-05-04 21:46:39,Home production hold security grow wait continue.,Than watch ball.,5111960903625127,Cancelled
RSV_00266,CUS_0000006,RES_0000020,91,2023-07-19 17:27:49,Home general indeed bar help do kid.,Similar off billion chance bank.,4770866256143573,Cancelled
RSV_00267,CUS_0000625,RES_0000029,14,2023-08-06 23:23:02,Final benefit son explain.,Happen mean exist country not teacher suffer.,213122384306382,Confirmed
RSV_00268,CUS_0000546,RES_0000012,15,2023-01-07 12:04:53,Prove well national red.,Day fast blood maintain east brother seek.,4651060783619967668,Cancelled
RSV_00269,CUS_0000723,RES_0000010,96,2023-06-11 04:57:43,Why hope to run.,Seek finally culture similar happen treat sing collection.,3506392463880314,Cancelled
RSV_00270,CUS_0000106,RES_0000006,11,2023-03-25 09:19:43,Leader theory air imagine prevent.,Impact east lose lead face black.,38141504378330,Confirmed
RSV_00271,CUS_0000673,RES_0000014,60,2023-09-09 09:30:21,You choice anything early.,Event in end single.,4106627308871867,Confirmed
RSV_00272,CUS_0000080,RES_0000016,12,2023-01-26 15:19:59,Poor two early choose.,Could image politics notice.,213192612683548,Pending
RSV_00273,CUS_0000782,RES_0000009,13,2023-02-03 02:18:06,Allow individual blue per.,Little civil while detail yet center.,4101075405901622,Cancelled
RSV_00274,CUS_0000643,RES_0000021,47,2023-09-28 00:53:42,Arm wear contain south must clearly.,Never partner others I right.,4642439015938885,Confirmed
RSV_00275,CUS_0000220,RES_0000036,3,2023-11-07 05:16:21,Heavy cover first hair.,Live student mind coach tell staff wear.,374257916213238,Confirmed
RSV_00276,CUS_0000386,RES_0000011,15,2023-01-31 15:15:18,Relationship camera spring dinner.,Different argue soon open them true use any.,4319977659385775954,Confirmed
RSV_00277,CUS_0000616,RES_0000018,28,2023-07-01 00:47:23,Fight than news it partner card.,East statement happen dream.,502007828721,Confirmed
RSV_00278,CUS_0000615,RES_0000009,13,2023-09-22 08:30:48,Store both shake family civil say.,List just by address believe box future.,180004561185194,Confirmed
RSV_00279,CUS_0000075,RES_0000007,7,2023-03-23 05:27:51,Push unit environment play side use medical.,Lead usually company.,30219595021015,Confirmed
RSV_00280,CUS_0000440,RES_0000011,3,2023-08-31 07:20:03,Individual last find write event.,Fight no quickly education him tonight return.,4779742937985883,Cancelled
RSV_00281,CUS_0000505,RES_0000047,88,2023-09-18 20:39:15,Somebody dark financial citizen.,Moment college rock others positive itself rule.,4436536684725,Confirmed
RSV_00282,CUS_0000210,RES_0000008,31,2023-04-17 08:48:43,Great teach from last break kitchen.,Care almost strong cost.,4345910429379809,Confirmed
RSV_00283,CUS_0000148,RES_0000022,11,2023-09-19 20:34:44,Find positive hit operation deep tell.,Much really environment student.,4459684136520,Confirmed
RSV_00284,CUS_0000062,RES_0000038,13,2023-06-02 18:14:34,Onto memory guy heart create.,Production fear throw.,4234425318000428,Confirmed
RSV_00285,CUS_0000007,RES_0000021,4,2023-08-12 18:46:53,Part continue wait realize name clearly morning.,Staff want first size campaign employee range.,4287503549064,Pending
RSV_00286,CUS_0000786,RES_0000031,6,2023-07-27 14:25:01,Go hot remember wall later.,Short consider hotel than activity full third.,30224910125368,Confirmed
RSV_00287,CUS_0000315,RES_0000016,93,2023-10-02 10:52:55,Send fill coach day where international themselves.,Past woman value into bring ready onto.,6531960302368840,Confirmed
RSV_00288,CUS_0000667,RES_0000044,90,2023-02-15 11:57:03,Process run prove improve class.,Poor indeed fire six until.,213194026490080,Confirmed
RSV_00289,CUS_0000403,RES_0000007,63,2023-03-11 07:26:01,Soldier hand east medical argue.,Charge lead month product.,30480539634772,Confirmed
RSV_00290,CUS_0000658,RES_0000007,73,2023-10-17 07:00:46,Exist pick store television music heavy onto.,Join list new over wonder that push necessary.,3509373024836646,Cancelled
RSV_00291,CUS_0000548,RES_0000024,8,2023-06-14 18:23:30,Consumer their buy.,Nor physical admit let risk under.,3528969731363225,Confirmed
RSV_00292,CUS_0000304,RES_0000045,8,2023-11-06 22:07:42,Point dream often true name man hotel.,Black pick throw Republican southern.,3546334750584482,Cancelled
RSV_00293,CUS_0000440,RES_0000045,60,2023-10-21 03:45:47,Partner herself card rate.,Television experience final subject on alone.,3546903352818124,Confirmed
RSV_00294,CUS_0000260,RES_0000023,7,2023-07-16 01:27:45,Discuss modern result.,Reflect statement notice political issue only tree front.,675968383165,Confirmed
RSV_00295,CUS_0000493,RES_0000001,83,2023-10-09 02:54:09,Shake then each enough sea.,Bit tonight represent half sell first change.,213179541740481,Confirmed
RSV_00296,CUS_0000540,RES_0000031,7,2023-11-25 07:57:08,Herself those able itself seek.,Perform bit laugh less throughout newspaper.,4296219439748973721,Confirmed
RSV_00297,CUS_0000300,RES_0000031,2,2023-07-30 10:28:40,Most station money offer nor particular.,Pressure cover despite huge.,4823190967281581,Cancelled
RSV_00298,CUS_0000689,RES_0000022,80,2023-02-27 23:22:46,Read agent huge two difficult family.,Media girl night look send window she media.,341885522728114,Cancelled
RSV_00299,CUS_0000023,RES_0000050,83,2023-08-18 06:50:04,Hard collection her along room government.,Operation positive movie.,4502231192975940,Confirmed
RSV_00300,CUS_0000614,RES_0000018,78,2023-08-12 00:43:45,Eye fund lead into everybody fine force.,Box real listen place upon expect.,3551950890184701,Confirmed
RSV_00301,CUS_0000352,RES_0000012,76,2023-10-14 05:26:01,Each several everything play movie truth those positive.,West sport one measure once community film.,2243734079961709,Confirmed
RSV_00302,CUS_0000491,RES_0000006,50,2023-06-01 05:56:20,Attention smile him former.,Ok another president rather value floor.,4611526168406,Cancelled
RSV_00303,CUS_0000055,RES_0000014,64,2023-03-10 17:34:35,Part goal close often.,Home first baby artist couple even score.,30175363053905,Confirmed
RSV_00304,CUS_0000079,RES_0000020,1,2023-05-28 20:58:13,Someone reveal whatever realize.,Both actually trade program radio model order politics.,180081662647140,Confirmed
RSV_00305,CUS_0000424,RES_0000045,6,2023-08-14 17:03:43,Power put cup white.,Democrat fear gun trial.,4963023250878278,Confirmed
RSV_00306,CUS_0000710,RES_0000044,36,2023-10-07 19:00:12,That manage turn type establish.,Just people executive learn.,340078917613809,Confirmed
RSV_00307,CUS_0000661,RES_0000007,1,2023-04-03 00:05:10,Especially concern open power bad church worker.,Amount voice strong.,4992332719532185,Confirmed
RSV_00308,CUS_0000436,RES_0000006,5,2023-11-07 03:22:28,Indicate top must exactly risk one hope.,Beyond word away color detail identify difference.,36169762504778,Pending
RSV_00309,CUS_0000244,RES_0000035,4,2023-08-30 08:06:39,Sound media second create entire whether either.,Different note such back environmental.,3506275613275974,Confirmed
RSV_00310,CUS_0000215,RES_0000013,46,2023-10-19 11:54:07,Sport hear kid firm.,Claim such stay form represent true.,342059718047403,Confirmed
RSV_00311,CUS_0000297,RES_0000018,64,2023-05-31 01:53:31,Rock group agree case store.,Claim health state interesting final.,30140952191110,Confirmed
RSV_00312,CUS_0000555,RES_0000012,6,2023-09-03 05:08:33,Information everybody remember protect career tend send.,Outside effect follow concern few join may.,4139998911418,Confirmed
RSV_00313,CUS_0000021,RES_0000008,1,2023-01-17 12:59:39,They number commercial rich tax.,Coach when point fact.,060498879711,Cancelled
RSV_00314,CUS_0000091,RES_0000002,12,2023-05-29 16:38:53,Produce best full wait forget who property peace.,Today model everything fly small national.,4828053389379950,Confirmed
RSV_00315,CUS_0000492,RES_0000017,29,2023-11-01 02:58:24,Water throw ready citizen hour clear owner.,Project sometimes community week off collection.,30446063716244,Cancelled
RSV_00316,CUS_0000322,RES_0000020,23,2023-05-15 01:17:28,Take world language along.,Operation require somebody nice guess.,4009911790522,Cancelled
RSV_00317,CUS_0000350,RES_0000011,74,2023-04-26 06:35:59,Nearly month test between set now.,Nothing recognize gas phone.,4620211557419,Pending
RSV_00318,CUS_0000103,RES_0000005,18,2023-06-15 16:54:07,Key as visit happy significant prevent.,Summer industry mission mouth.,4212177867154,Confirmed
RSV_00319,CUS_0000061,RES_0000010,9,2023-05-01 09:47:35,Feeling offer health particular.,Week huge use statement join task player.,3511911526291368,Confirmed
RSV_00320,CUS_0000728,RES_0000010,9,2023-06-12 06:50:18,Method health key around.,Into throw scene relate arm tend.,347208889132875,Confirmed
RSV_00321,CUS_0000021,RES_0000036,41,2023-08-19 14:26:41,Kind cold week wonder write election.,Threat expert keep according care.,38031746542472,Confirmed
RSV_00322,CUS_0000168,RES_0000029,83,2023-07-31 06:10:12,Trade recently bill physical civil.,Able moment behind former receive someone.,4704317584400,Confirmed
RSV_00323,CUS_0000288,RES_0000035,12,2023-11-22 22:34:58,Street bag sea free.,Answer agreement record occur.,349226492390811,Confirmed
RSV_00324,CUS_0000537,RES_0000046,2,2023-05-16 19:49:03,Stop until put fear prove.,Hand serious Democrat gun four.,4275922605646831771,Confirmed
RSV_00325,CUS_0000158,RES_0000038,9,2023-01-29 16:05:06,Edge you door.,Recently piece happen rather herself card general.,38794062438340,Confirmed
RSV_00326,CUS_0000585,RES_0000038,97,2023-01-07 07:28:50,Enjoy example personal.,Glass camera election relate black population great.,3563605920699880,Cancelled
RSV_00327,CUS_0000004,RES_0000001,10,2023-03-20 09:01:37,Church late official almost politics.,About table avoid baby discover.,6550250967835523,Confirmed
RSV_00328,CUS_0000454,RES_0000038,5,2023-03-15 14:05:42,Early fall politics lay security scene social.,Over response agree production.,4848628766017129,Confirmed
RSV_00329,CUS_0000099,RES_0000019,43,2023-03-26 01:19:35,Also sense direction low over.,Bed public quickly catch serious future owner.,4361305095771273,Confirmed
RSV_00330,CUS_0000572,RES_0000039,18,2023-05-08 08:11:38,Probably will field.,Fear them too find create like first.,4524685712241827952,Pending
RSV_00331,CUS_0000307,RES_0000021,8,2023-06-25 15:17:32,Major loss know woman tax blood nor.,Way leader benefit water away.,379214163835598,Confirmed
RSV_00332,CUS_0000558,RES_0000026,12,2023-03-13 14:37:22,Parent drive understand space finally leader.,None gun great property side southern.,4218305843785,Pending
RSV_00333,CUS_0000737,RES_0000002,14,2023-06-06 08:03:48,Cultural lay remain adult discover others top.,Piece toward read base mention.,4786460919815630763,Confirmed
RSV_00334,CUS_0000723,RES_0000036,32,2023-05-23 15:30:19,Huge that term according measure now mention.,Reality call media impact prove must.,2223301773658884,Confirmed
RSV_00335,CUS_0000014,RES_0000009,2,2023-03-18 23:13:30,End fly fight show.,Beyond avoid down student receive.,4232891587194451,Pending
RSV_00336,CUS_0000457,RES_0000032,41,2023-09-15 07:23:52,None early seem thus provide middle.,Without deal yes although in key relationship.,4916943270623122183,Pending
RSV_00337,CUS_0000582,RES_0000008,2,2023-01-30 15:26:04,Discuss machine policy form million simple receive former.,Ahead hair resource should conference true.,4129692080811500,Confirmed
RSV_00338,CUS_0000472,RES_0000047,89,2023-11-01 09:01:47,Democrat shoulder claim personal everything maintain ever discussion.,Official that effect six there shake data.,371192660799889,Cancelled
RSV_00339,CUS_0000745,RES_0000044,13,2023-09-15 19:43:22,Science coach too many green two.,Laugh sit great record poor.,3551427317017822,Confirmed
RSV_00340,CUS_0000720,RES_0000017,6,2023-09-14 13:24:19,Mrs information data month worry Mr prove.,Service fear community bed.,348109557334828,Confirmed
RSV_00341,CUS_0000212,RES_0000042,26,2023-08-31 19:28:20,Police finally baby station reflect nature.,Tonight concern how fill or.,30173014056369,Confirmed
RSV_00342,CUS_0000184,RES_0000026,79,2023-09-17 06:15:10,Agree force rule attorney truth expert himself.,Message money continue do without sense.,4886557745049899078,Confirmed
RSV_00343,CUS_0000576,RES_0000022,87,2023-07-23 16:33:09,Role thing parent yet international.,Back make pick sport none eat finally.,4220991581354822,Confirmed
RSV_00344,CUS_0000782,RES_0000025,62,2023-07-15 05:29:39,Modern sound image remain.,Probably course skin middle.,5373456850159205,Confirmed
RSV_00345,CUS_0000126,RES_0000049,82,2023-09-29 15:03:00,Stand exist most.,Bag enough around want.,4404672940740087,Pending
RSV_00346,CUS_0000570,RES_0000030,19,2023-01-01 09:39:18,Control marriage herself pick style not public.,Pretty still situation cell.,3504720719233239,Cancelled
RSV_00347,CUS_0000761,RES_0000004,50,2023-09-01 17:30:09,True for model agency live yard.,History research south reality citizen type clearly federal.,2517222114824230,Cancelled
RSV_00348,CUS_0000264,RES_0000025,76,2023-09-03 09:34:35,Dinner best news expect.,Type check our whether key poor population.,4774854730918669875,Cancelled
RSV_00349,CUS_0000293,RES_0000010,15,2023-08-29 07:26:47,As either free his become.,Group me management than read support.,6011625641600687,Confirmed
RSV_00350,CUS_0000416,RES_0000022,51,2023-06-29 19:24:03,Decide speak take particularly.,Key town board short style just attack.,213144705379195,Confirmed
RSV_00351,CUS_0000488,RES_0000005,69,2023-03-04 12:34:02,Data anyone now west.,Newspaper since herself without establish manage push traditional.,6535140255356177,Confirmed
RSV_00352,CUS_0000545,RES_0000001,3,2023-09-15 08:24:27,Across idea method require suddenly performance.,Minute example only act program subject factor.,4063554366325860,Confirmed
RSV_00353,CUS_0000027,RES_0000019,5,2023-05-28 22:03:31,Prevent accept behavior buy despite can.,Many first look too.,4864930862296582797,Confirmed
RSV_00354,CUS_0000196,RES_0000039,15,2023-11-05 03:11:30,Win arm east specific today guess to.,Analysis little resource model explain.,4004217754694,Pending
RSV_00355,CUS_0000282,RES_0000032,31,2023-05-14 16:36:27,Edge attack population resource.,North treat magazine word treatment.,4501862954276712,Confirmed
RSV_00356,CUS_0000512,RES_0000017,15,2023-06-14 09:45:59,Any car great hotel western pick.,Food his card effort expert.,4454018375993,Pending
RSV_00357,CUS_0000638,RES_0000042,24,2023-04-27 23:44:54,Address mother front support hold capital.,Important reflect nearly yourself current.,4795329497545131,Confirmed
RSV_00358,CUS_0000742,RES_0000039,2,2023-06-08 19:37:58,Either arm indeed small ok house crime.,Front decide center operation.,4858854859778560,Confirmed
RSV_00359,CUS_0000432,RES_0000029,7,2023-11-08 17:07:17,Law group personal attorney through fine push.,Program lay such challenge play.,213118449911406,Pending
RSV_00360,CUS_0000631,RES_0000026,3,2023-10-18 03:08:42,Hit return into protect degree.,Friend to left yard after.,5583738792492059,Confirmed
RSV_00361,CUS_0000796,RES_0000030,14,2023-09-11 11:21:38,Middle security research dog professional air.,Style mother mouth time.,30050921076286,Confirmed
RSV_00362,CUS_0000351,RES_0000021,13,2023-07-16 09:27:58,Degree cut among.,Price itself customer individual.,675937921673,Confirmed
RSV_00363,CUS_0000735,RES_0000014,10,2023-07-24 17:19:05,Attack control religious case president or item late.,Ahead wait theory senior after pressure.,6598720412408278,Confirmed
RSV_00364,CUS_0000624,RES_0000001,76,2023-01-01 09:14:51,Force than receive whose.,Certain hear must evening.,4153951276450966070,Cancelled
RSV_00365,CUS_0000016,RES_0000018,15,2023-10-29 19:21:53,Enough nation special.,Go young within affect eight special response everyone.,2224002068758814,Pending
RSV_00366,CUS_0000362,RES_0000037,13,2023-09-03 02:34:14,Member condition level wear foreign.,Note need size over find someone stage federal.,6503829102063022,Confirmed
RSV_00367,CUS_0000067,RES_0000003,94,2023-10-10 11:59:46,From difference require feeling line amount decide.,Blood assume the reflect.,3532619015350711,Confirmed
RSV_00368,CUS_0000202,RES_0000038,19,2023-01-01 02:00:30,Do bad use for nature people entire.,Easy not final direction.,060486177003,Confirmed
RSV_00369,CUS_0000160,RES_0000027,54,2023-04-05 18:40:03,Bill pull at process see.,Company wide account interest modern.,573479309847,Cancelled
RSV_00370,CUS_0000099,RES_0000029,19,2023-11-30 05:06:10,Machine public respond church our sense when.,Miss suggest road them sometimes responsibility support require.,4351231524199989,Confirmed
RSV_00371,CUS_0000056,RES_0000022,22,2023-10-23 04:13:18,House whole ground light year forward.,Newspaper yard own forward long act.,4064061848179716,Cancelled
RSV_00372,CUS_0000749,RES_0000021,40,2023-02-05 22:03:09,Practice firm sure standard change.,Mind order whatever decade.,3562877439592846,Confirmed
RSV_00373,CUS_0000779,RES_0000035,35,2023-08-03 00:33:16,Participant example speech window few.,Second commercial civil write together manager.,2720964146033164,Confirmed
RSV_00374,CUS_0000424,RES_0000042,37,2023-11-25 06:22:56,Focus my former return wonder cost.,Else how avoid project trade science.,3592958441491435,Cancelled
RSV_00375,CUS_0000007,RES_0000003,2,2023-08-13 20:59:31,Cup space century understand why hold.,Set eight appear old reason hotel national.,2438011546982799,Confirmed
RSV_00376,CUS_0000080,RES_0000003,8,2023-03-07 02:02:43,Contain total your.,Recognize but officer material weight.,4651182891462592039,Confirmed
RSV_00377,CUS_0000460,RES_0000007,54,2023-09-07 00:51:08,Response seek child fund guess century.,Several fire remain notice left.,3502102053188018,Confirmed
RSV_00378,CUS_0000142,RES_0000040,11,2023-07-02 05:11:15,Game they figure station.,Tend enter relate win let main ask.,502090121687,Confirmed
RSV_00379,CUS_0000568,RES_0000034,70,2023-09-05 08:25:24,Wait benefit bank maybe.,Box later seek environmental far place physical fish.,30352805071247,Confirmed
RSV_00380,CUS_0000434,RES_0000030,44,2023-04-18 16:07:47,Around environment enter government happy.,Recognize really various.,4237150483596,Confirmed
RSV_00381,CUS_0000088,RES_0000013,6,2023-10-14 05:13:32,Laugh far pass so.,Effort production sport security.,3548148850879560,Cancelled
RSV_00382,CUS_0000053,RES_0000031,12,2023-06-19 12:40:07,Mind around chair section.,Live these model.,4399160530895798258,Confirmed
RSV_00383,CUS_0000194,RES_0000044,69,2023-10-02 12:25:31,May film defense much possible keep box.,Society speech open mother.,3557896777682917,Confirmed
RSV_00384,CUS_0000100,RES_0000004,12,2023-11-13 16:45:41,Keep material site approach beautiful style.,Cell light list church probably.,180099361581162,Confirmed
RSV_00385,CUS_0000037,RES_0000003,11,2023-07-20 21:02:05,Trade page nothing most he.,Hear president her only.,6590568533939921,Cancelled
RSV_00386,CUS_0000452,RES_0000045,77,2023-04-23 00:46:47,Over space entire middle identify discover.,Even trial us hard.,3519120513091441,Confirmed
RSV_00387,CUS_0000065,RES_0000021,12,2023-02-23 11:52:58,Might side owner.,Add do professor store lot.,371191916442039,Confirmed
RSV_00388,CUS_0000128,RES_0000007,6,2023-09-22 13:59:35,Group degree explain thus at.,Meeting social strategy item down.,213177769394619,Confirmed
RSV_00389,CUS_0000492,RES_0000014,3,2023-09-13 18:19:26,Month more statement themselves song use.,Professional feeling management occur you century.,6564939318452939,Pending
RSV_00390,CUS_0000166,RES_0000020,4,2023-04-18 11:32:01,Stock off with two difference line rate else.,Reach produce range to vote.,180083642276628,Confirmed
RSV_00391,CUS_0000278,RES_0000013,1,2023-10-18 12:17:11,Behind general could soldier pressure name.,New successful thus item.,4204558637369895510,Confirmed
RSV_00392,CUS_0000429,RES_0000026,10,2023-05-06 08:52:40,Left difference lot white main approach team.,Point yourself after life job.,377350386457067,Confirmed
RSV_00393,CUS_0000685,RES_0000020,10,2023-11-20 05:37:35,Above generation vote society.,Student growth not important establish.,2237704478698341,Confirmed
RSV_00394,CUS_0000788,RES_0000021,1,2023-06-06 19:12:54,Oil law public various sure free leave.,Up task late agency.,3506821942144231,Confirmed
RSV_00395,CUS_0000212,RES_0000038,71,2023-05-17 03:34:42,Half administration subject hope between technology.,Few black stop.,379165402632206,Confirmed
RSV_00396,CUS_0000191,RES_0000014,5,2023-04-04 19:44:59,Clear feeling piece speech.,Offer simply less shake.,376778540734701,Confirmed
RSV_00397,CUS_0000537,RES_0000002,3,2023-07-09 17:57:13,Sport along contain away sea.,Hundred pass finish company history change.,4203898459974881,Cancelled
RSV_00398,CUS_0000282,RES_0000028,3,2023-07-20 03:23:32,Mother town Democrat.,Response because with cover read miss fly.,30451176139409,Cancelled
RSV_00399,CUS_0000404,RES_0000048,1,2023-05-12 13:45:51,Until sea expect.,Mind either anyone should building idea.,180024130440714,Confirmed
RSV_00400,CUS_0000209,RES_0000001,13,2023-10-03 04:40:37,Your property fire choice PM away cold strong.,Style improve system fund dog.,060419471051,Cancelled
RSV_00401,CUS_0000324,RES_0000035,8,2023-06-08 14:26:51,Scene whose identify weight condition.,Second sound senior just news.,4003226633791652,Confirmed
RSV_00402,CUS_0000456,RES_0000023,2,2023-08-03 16:33:33,Good her remain adult strong TV.,Side actually color religious.,213128285950137,Confirmed
RSV_00403,CUS_0000680,RES_0000013,3,2023-07-01 02:00:22,Amount artist what class may.,Reveal finally method perform choice know them.,3508085403190129,Confirmed
RSV_00404,CUS_0000326,RES_0000006,3,2023-04-13 15:00:42,Else action reality draw clearly writer create.,Nothing window professional yard difficult quality.,4008084506831054,Confirmed
RSV_00405,CUS_0000503,RES_0000047,4,2023-05-23 07:14:23,Fund local unit.,Build mind book.,060474463720,Pending
RSV_00406,CUS_0000621,RES_0000024,14,2023-07-27 18:41:14,Force pass reduce outside few.,Sound about very.,2243255727111307,Cancelled
RSV_00407,CUS_0000602,RES_0000012,2,2023-02-09 02:47:36,Thus experience name history a nature go.,Consumer anything listen play third yes.,4491443424032605,Confirmed
RSV_00408,CUS_0000689,RES_0000022,10,2023-02-02 06:48:10,Huge drop age thousand rise brother.,Maintain majority near high claim.,4680512267973058,Confirmed
RSV_00409,CUS_0000774,RES_0000021,11,2023-04-02 06:14:08,Deep business should according professional amount leave during.,Green myself conference goal.,4161707768405868526,Cancelled
RSV_00410,CUS_0000404,RES_0000039,5,2023-01-11 13:41:50,Research administration here deep hospital.,Write option woman magazine make pull.,4103138996754,Confirmed
RSV_00411,CUS_0000035,RES_0000001,10,2023-06-29 23:58:44,Explain on how represent rise raise.,Like itself even total spring.,4631933458450008354,Confirmed
RSV_00412,CUS_0000259,RES_0000046,10,2023-09-10 09:57:11,Stay difference budget social of final.,Of color listen morning behavior.,4742463358401,Confirmed
RSV_00413,CUS_0000159,RES_0000032,24,2023-09-06 23:04:36,Oil later down production.,Investment effect yourself base material culture fast tree.,4006946246953277,Confirmed
RSV_00414,CUS_0000395,RES_0000003,3,2023-07-30 00:56:38,Discover the international role blood standard.,Surface natural here yard prevent.,346747109941863,Confirmed
RSV_00415,CUS_0000305,RES_0000014,2,2023-03-23 08:59:09,Matter positive point take pay.,Once role international without movie Mrs.,4455894385051081673,Confirmed
RSV_00416,CUS_0000181,RES_0000019,10,2023-06-08 11:39:16,Deal national leave.,Scientist truth already will.,373095617316145,Pending
RSV_00417,CUS_0000172,RES_0000038,73,2023-03-02 10:39:27,World use people truth wrong including.,Current idea short half.,4168425058808,Pending
RSV_00418,CUS_0000027,RES_0000036,57,2023-07-26 22:58:59,Least home still look late certainly movie.,Professional woman fine project.,4130248118638964,Confirmed
RSV_00419,CUS_0000572,RES_0000039,15,2023-04-08 10:13:42,Report eat total president ago talk particularly.,Unit use into reason cold close first.,6011718286683124,Confirmed
RSV_00420,CUS_0000549,RES_0000001,83,2023-09-19 16:17:29,Thus garden book tree.,Everything quality evening position national.,4626742509734292,Confirmed
RSV_00421,CUS_0000342,RES_0000027,10,2023-05-11 09:26:49,Remain who cultural product visit.,Leave include century experience either within common walk.,180003360166694,Confirmed
RSV_00422,CUS_0000569,RES_0000015,96,2023-06-15 01:46:08,Article meet energy somebody become.,International according green ten ten direction.,213174947624017,Cancelled
RSV_00423,CUS_0000056,RES_0000047,44,2023-09-30 19:25:10,Successful data until provide discuss young.,Heart join ability unit middle suffer usually with.,4429108111326143982,Pending
RSV_00424,CUS_0000440,RES_0000041,14,2023-05-07 13:53:31,Appear group skin become case easy.,Plan notice suggest.,3503531556846368,Pending
RSV_00425,CUS_0000024,RES_0000003,11,2023-01-19 01:12:11,Cost chair teacher trip prepare chair shoulder.,Pull matter rule few all responsibility paper.,30404181555192,Pending
RSV_00426,CUS_0000179,RES_0000005,14,2023-01-27 01:47:21,Fine after defense person.,At himself air how.,370355068348838,Confirmed
RSV_00427,CUS_0000684,RES_0000035,9,2023-10-23 08:39:40,Determine quite else team parent special machine.,Entire maybe hot sing billion trial.,349485863792597,Pending
RSV_00428,CUS_0000495,RES_0000049,66,2023-11-23 04:58:46,About single class serious lot trade.,Point gas identify state stay practice shake time.,4167840394918940,Cancelled
RSV_00429,CUS_0000125,RES_0000041,12,2023-11-21 04:37:30,Public chair continue cell.,Mean help campaign.,676213497446,Confirmed
RSV_00430,CUS_0000590,RES_0000027,33,2023-10-23 02:57:00,Several baby music another.,Customer response pay.,060435332162,Confirmed
RSV_00431,CUS_0000600,RES_0000007,2,2023-05-24 08:14:03,Artist run rate issue.,Control movie eat money street age house.,3510480371633083,Confirmed
RSV_00432,CUS_0000416,RES_0000027,5,2023-09-16 21:09:34,Above fine black road know foreign play.,Role me prepare.,340443469030853,Confirmed
RSV_00433,CUS_0000109,RES_0000024,60,2023-10-10 09:01:22,Mind trade dark general.,Pull off parent positive story fly probably.,6011593293281653,Cancelled
RSV_00434,CUS_0000768,RES_0000037,33,2023-08-15 09:20:35,Enter reveal father enjoy task avoid bad.,Military street general agree seven social.,4007368117700961260,Confirmed
RSV_00435,CUS_0000500,RES_0000027,90,2023-08-20 13:04:36,South deal card rate word role.,Trial magazine security standard sense ball rich.,4223850466795368834,Cancelled
RSV_00436,CUS_0000020,RES_0000010,15,2023-11-27 23:45:43,Force light number think woman.,Situation gas since fight morning almost very.,630429776119,Cancelled
RSV_00437,CUS_0000726,RES_0000025,11,2023-10-01 22:43:02,Hard term meet truth.,Style you these new follow long.,30056646719969,Confirmed
RSV_00438,CUS_0000223,RES_0000038,3,2023-10-26 15:35:45,Audience up pay around price law represent.,Many everyone raise growth note.,576988611546,Confirmed
RSV_00439,CUS_0000286,RES_0000013,35,2023-03-27 10:15:30,Area take rock what foreign.,Hand must table discussion store hair growth.,4007435439055,Confirmed
RSV_00440,CUS_0000261,RES_0000004,8,2023-02-14 08:30:41,Arm your far its.,Ago standard prove social strong.,345711372733598,Confirmed
RSV_00441,CUS_0000133,RES_0000048,86,2023-06-26 23:32:42,Man throughout consider enjoy brother.,Far former election interesting campaign.,2385549792322551,Confirmed
RSV_00442,CUS_0000597,RES_0000033,14,2023-03-13 15:34:49,Out moment military box expect service.,Surface city probably glass blood.,379459444938048,Cancelled
RSV_00443,CUS_0000665,RES_0000002,11,2023-03-26 12:03:48,Three watch collection friend.,Determine glass help building.,630490359191,Confirmed
RSV_00444,CUS_0000305,RES_0000017,1,2023-04-15 10:37:08,Too environmental job social station style government.,According focus guy although last.,5170902865042881,Confirmed
RSV_00445,CUS_0000635,RES_0000040,2,2023-01-28 12:50:43,Around medical nor among.,Line few population media claim country.,378635245187478,Confirmed
RSV_00446,CUS_0000394,RES_0000008,11,2023-09-27 22:15:41,Chance director room social state.,Remember coach loss share really interesting difficult.,349738986999865,Confirmed
RSV_00447,CUS_0000670,RES_0000042,1,2023-07-19 09:10:25,Since military before.,Year represent letter.,4646192554029485,Pending
RSV_00448,CUS_0000270,RES_0000001,3,2023-01-12 18:06:43,Decade forward idea say case song building.,Maybe film both detail perform cultural probably.,30422505558338,Cancelled
RSV_00449,CUS_0000324,RES_0000018,24,2023-05-02 23:38:11,People color rule somebody decide.,Team law which name.,4295250305533943801,Cancelled
RSV_00450,CUS_0000246,RES_0000036,99,2023-04-10 01:25:05,Role born star design bar across.,Adult wrong speech behavior go safe future.,4784661662179228,Confirmed
RSV_00451,CUS_0000271,RES_0000034,30,2023-11-11 03:52:22,Sound responsibility item energy walk parent program.,Hope activity stand fear evening pull left.,5481876705741791,Confirmed
RSV_00452,CUS_0000557,RES_0000044,66,2023-07-09 13:33:15,Why fight station get player information name.,Individual near them suddenly health.,180067453498371,Confirmed
RSV_00453,CUS_0000430,RES_0000028,4,2023-09-04 22:14:18,Since feeling price me school painting indeed.,Cold animal dark fish last draw hold.,4908681092540,Confirmed
RSV_00454,CUS_0000012,RES_0000025,30,2023-08-21 06:42:36,By until purpose management push.,Resource person blue ahead marriage.,4062325381487,Confirmed
RSV_00455,CUS_0000345,RES_0000046,87,2023-11-20 15:05:10,Book drop receive thought determine.,Much front far almost question road.,30367518950198,Confirmed
RSV_00456,CUS_0000061,RES_0000006,76,2023-10-18 20:07:37,One civil data poor.,Knowledge pattern gun little owner day.,4383160887345097994,Confirmed
RSV_00457,CUS_0000032,RES_0000027,100,2023-01-24 01:16:57,Throughout including third memory Democrat.,Level will standard accept large.,2720272148288087,Cancelled
RSV_00458,CUS_0000481,RES_0000040,37,2023-05-20 11:49:48,Common include myself doctor young cup truth.,Without blue if direction center believe.,38347722290476,Confirmed
RSV_00459,CUS_0000057,RES_0000011,12,2023-09-17 17:43:42,Easy cell price building.,Hot themselves wonder later glass theory bar same.,4482949066271161,Pending
RSV_00460,CUS_0000226,RES_0000036,14,2023-06-25 06:44:02,Argue story everybody region hair.,Sure yourself activity board treatment.,180005311059902,Confirmed
RSV_00461,CUS_0000091,RES_0000031,72,2023-11-03 16:16:40,Computer history feel great edge by.,Direction possible prepare card individual carry really.,30397801643317,Cancelled
RSV_00462,CUS_0000362,RES_0000010,16,2023-02-03 10:29:49,Speak speak force fund.,Plant upon pull give let budget.,30399558934881,Cancelled
RSV_00463,CUS_0000764,RES_0000050,93,2023-11-07 09:17:57,Five book single last parent do.,Heart city pressure discuss.,4231183120847675,Confirmed
RSV_00464,CUS_0000773,RES_0000038,59,2023-07-24 00:03:20,Quite remain success Mr bank current.,Young even hair turn.,30390318657649,Confirmed
RSV_00465,CUS_0000724,RES_0000046,54,2023-02-18 02:00:53,Board staff society player medical leader.,Face talk car whatever late movement.,4736775136828,Confirmed
RSV_00466,CUS_0000456,RES_0000017,6,2023-09-05 23:51:50,Increase soldier sister truth forget.,Similar leader idea bank.,38425092879522,Confirmed
RSV_00467,CUS_0000120,RES_0000049,81,2023-09-16 05:20:33,But response also turn step.,Special large discussion laugh morning recent.,345102161279698,Confirmed
RSV_00468,CUS_0000375,RES_0000015,75,2023-04-22 17:38:56,Defense forget buy around their.,Western air score.,4997960536542220,Confirmed
RSV_00469,CUS_0000389,RES_0000038,70,2023-05-14 03:01:51,Style his about attorney enough lay blood base.,Share change reduce ahead.,180027413747721,Confirmed
RSV_00470,CUS_0000532,RES_0000042,87,2023-09-19 15:12:29,Play necessary attention radio.,Should exactly blue.,6011909476810383,Confirmed
RSV_00471,CUS_0000689,RES_0000049,72,2023-10-31 16:52:03,Size if choice maintain read thing.,Huge choose could.,180008970443441,Cancelled
RSV_00472,CUS_0000252,RES_0000006,6,2023-09-13 22:02:26,Individual kitchen actually show.,Risk peace air exist.,6011568942119454,Confirmed
RSV_00473,CUS_0000440,RES_0000032,1,2023-06-05 03:50:58,However week whether.,Player service project identify six.,370273732721480,Confirmed
RSV_00474,CUS_0000247,RES_0000038,52,2023-10-02 10:02:44,Deal day get morning including size land personal.,Popular discover friend matter contain five.,344371886655232,Confirmed
RSV_00475,CUS_0000763,RES_0000047,30,2023-03-31 15:51:21,Far national customer before.,Prepare situation after several final.,675958527664,Confirmed
RSV_00476,CUS_0000495,RES_0000044,81,2023-10-28 14:27:08,Nearly cut check four edge focus.,Bring effort usually partner garden short.,675900157677,Confirmed
RSV_00477,CUS_0000366,RES_0000029,45,2023-03-07 03:57:39,Leave for kid employee use value material.,Dream recently about industry book red expert.,374536160906948,Confirmed
RSV_00478,CUS_0000054,RES_0000014,14,2023-02-15 23:45:19,Get seven report reason whom site.,Book toward fact collection hand that data mind.,4916144066358939,Confirmed
RSV_00479,CUS_0000634,RES_0000046,4,2023-03-16 13:48:28,Stock bar build develop process feeling.,Professional end whose fly quickly opportunity.,3595178339831652,Pending
RSV_00480,CUS_0000023,RES_0000043,7,2023-08-16 13:23:07,Likely choose behind subject degree interest kind two.,Matter movie raise could.,2323356595263155,Confirmed
RSV_00481,CUS_0000745,RES_0000007,100,2023-11-19 16:12:30,But own send side answer past.,Goal difference grow design.,4128049802164679,Confirmed
RSV_00482,CUS_0000346,RES_0000024,81,2023-02-16 11:03:02,Fund kitchen her wide.,Part resource statement several attack adult.,3571884708643655,Confirmed
RSV_00483,CUS_0000596,RES_0000001,7,2023-02-01 09:53:37,In sometimes site learn yeah maintain effort.,Mrs either well boy yet standard.,4158816171291961667,Confirmed
RSV_00484,CUS_0000710,RES_0000021,1,2023-06-13 04:14:09,Until sell card drop.,Old positive light food we resource.,371904284009507,Confirmed
RSV_00485,CUS_0000548,RES_0000045,6,2023-03-21 21:01:01,Seem feeling daughter movement common.,Assume pay growth different stuff.,6011331926493969,Confirmed
RSV_00486,CUS_0000125,RES_0000045,95,2023-09-24 18:42:27,Focus be close doctor wife because.,Possible concern rise little evening change woman.,213127477025963,Cancelled
RSV_00487,CUS_0000659,RES_0000008,13,2023-07-09 15:17:10,Western break remember bring yard bank.,Bank citizen catch face down stop until.,4895712865349401,Confirmed
RSV_00488,CUS_0000079,RES_0000012,64,2023-03-06 05:47:06,Base important deal or front long.,Visit you our skin card.,3501164741687596,Confirmed
RSV_00489,CUS_0000290,RES_0000023,10,2023-06-11 21:16:06,Amount feel poor far difference newspaper.,Could week college another back.,340997079771230,Cancelled
RSV_00490,CUS_0000182,RES_0000045,19,2023-08-12 07:48:13,Recently company fish free.,Mouth provide region moment television.,6539994814380102,Confirmed
RSV_00491,CUS_0000312,RES_0000007,73,2023-01-19 09:12:01,Strong recognize smile my.,Would let increase.,6011052221191260,Confirmed
RSV_00492,CUS_0000663,RES_0000032,65,2023-10-12 04:02:52,Certain expert movie become.,Watch shoulder three between.,6586723119190755,Confirmed
RSV_00493,CUS_0000236,RES_0000033,8,2023-02-04 00:58:42,Cost term direction suggest natural fill third.,Statement how single traditional leave.,676119383781,Pending
RSV_00494,CUS_0000351,RES_0000002,1,2023-01-07 08:36:51,Build anyone walk exist sit fine investment.,House church finally face provide herself.,3511228118800153,Confirmed
RSV_00495,CUS_0000002,RES_0000004,4,2023-04-05 09:04:55,Parent fire every section close race.,Always large music whatever.,3564783317104571,Cancelled
RSV_00496,CUS_0000077,RES_0000020,14,2023-10-20 22:39:43,Play themselves activity last.,Power up best per season.,4542690002271,Cancelled
RSV_00497,CUS_0000401,RES_0000021,11,2023-05-16 18:48:05,Which edge south.,Million travel whom.,180043889770923,Cancelled
RSV_00498,CUS_0000719,RES_0000046,33,2023-07-13 11:42:40,Wind analysis ten bank speak movie.,Others answer ok realize.,4527818456782840320,Pending
RSV_00499,CUS_0000356,RES_0000016,97,2023-01-14 17:40:57,Truth well more light blue lay.,Someone occur quite hit.,6011939101648619,Confirmed
RSV_00500,CUS_0000566,RES_0000043,29,2023-06-26 01:40:05,Land most peace door one rate occur.,Decide open idea between policy success.,4970644519077313501,Cancelled
